USE Libreria_Petricor;

INSERT INTO Libreria_Petricor.deposito_logistica (pais) VALUES
('España'),
('Argentina'),
('México'),
('Colombia'),
('Chile'),
('Perú'),
('Uruguay'),
('Ecuador'),
('Brasil'),
('Paraguay'),
('Venezuela'),
('Bolivia'),
('Guatemala'),
('Cuba'),
('Honduras'),
('Panamá');

INSERT INTO Libreria_Petricor.proveedores (fecha_creacion, nombre, pais, email, id_deposito) VALUES
('2023-01-15', 'Editorial Planeta', 'España', 'planeta@editorial.com', 1),
('2023-02-20', 'Penguin Random House', 'Argentina', 'penguin@random.com', 2),
('2023-03-10', 'Anagrama', 'México', 'anagrama@libros.com', 3),
('2023-04-05', 'Alfaguara', 'Colombia', 'alfaguara@editorial.com', 4),
('2023-05-12', 'Salamandra', 'Chile', 'salamandra@libros.com', 5),
('2023-06-18', 'Tusquets', 'Perú', 'tusquets@editorial.com', 6),
('2023-07-22', 'Sudamericana', 'Uruguay', 'sudamericana@libros.com', 7),
('2023-08-30', 'Norma', 'Ecuador', 'norma@editorial.com', 8),
('2023-09-14', 'Emecé', 'Brasil', 'emece@libros.com', 9),
('2023-10-25', 'Santillana', 'Paraguay', 'santillana@editorial.com', 10),
('2023-11-05', 'El Ateneo', 'Venezuela', 'ateneo@editorial.com', 11),
('2023-12-10', 'La Pluma', 'Bolivia', 'pluma@editorial.com', 12),
('2024-01-15', 'Editorial Amanecer', 'Guatemala', 'amanecer@editorial.com', 13),
('2024-02-20', 'Libros del Alba', 'Cuba', 'alba@editorial.com', 14),
('2024-03-10', 'Alianza', 'Honduras', 'alianza@editorial.com', 15);

INSERT INTO Libreria_Petricor.categorias (nombre_categoria) VALUES
('Ficción'),
('No Ficción'),
('Historia'),
('Ciencia'),
('Arte'),
('Biografías'),
('Infantil'),
('Poesía'),
('Educación'),
('Economía'),
('Misterio'),
('Terror'),
('Política'),
('Tecnología'),
('Literatura Clásica');

INSERT INTO Libreria_Petricor.libros (titulo, autor, id_categoria, id_proveedores, id_deposito) VALUES
('Cien años de soledad', 'Gabriel García Márquez', 1, 1, 1),
('El origen de las especies', 'Charles Darwin', 4, 2, 2),
('Historia del tiempo', 'Stephen Hawking', 4, 3, 3),
('El principito', 'Antoine de Saint-Exupéry', 7, 4, 4),
('1984', 'George Orwell', 1, 5, 5),
('La riqueza de las naciones', 'Adam Smith', 10, 6, 6),
('Rayuela', 'Julio Cortázar', 1, 7, 7),
('El capital', 'Karl Marx', 10, 8, 8),
('Don Quijote', 'Miguel de Cervantes', 1, 9, 9),
('Las venas abiertas de América Latina', 'Eduardo Galeano', 3, 10, 10),
('Sherlock Holmes', 'Arthur Conan Doyle', 12, 11, 11),
('Drácula', 'Bram Stoker', 13, 12, 12),
('El arte de la guerra', 'Sun Tzu', 14, 13, 13),
('Neuromancer', 'William Gibson', 15, 14, 14),
('Odisea', 'Homero', 15, 15, 15);

INSERT INTO Libreria_Petricor.inventario (id_libros, id_deposito, cantidad, precio) VALUES
(1, 1, 100, 29.99),
(2, 2, 75, 34.99),
(3, 3, 50, 39.99),
(4, 4, 150, 19.99),
(5, 5, 80, 24.99),
(6, 6, 60, 44.99),
(7, 7, 90, 29.99),
(8, 8, 40, 49.99),
(9, 9, 120, 39.99),
(10, 10, 70, 34.99),
(11, 11, 110, 39.99),
(12, 12, 65, 49.99),
(13, 13, 85, 44.99),
(14, 14, 95, 59.99),
(15, 15, 55, 39.99);

INSERT INTO Libreria_Petricor.clientes (nombre, email, telefono) VALUES
('Ana Martínez', 'ana@email.com', '123456789'),
('Carlos López', 'carlos@email.com', '234567890'),
('María García', 'maria@email.com', '345678901'),
('Juan Rodríguez', 'juan@email.com', '456789012'),
('Laura Sánchez', 'laura@email.com', '567890123'),
('Pedro Ramírez', 'pedro@email.com', '678901234'),
('Sofia Torres', 'sofia@email.com', '789012345'),
('Diego Flores', 'diego@email.com', '890123456'),
('Carmen Ruiz', 'carmen@email.com', '901234567'),
('Miguel Castro', 'miguel@email.com', '012345678'),
('Luis González', 'luis@email.com', '123456780'),
('Isabel Fernández', 'isabel@email.com', '234567891'),
('Andrés Morales', 'andres@email.com', '345678902'),
('Paula Jiménez', 'paula@email.com', '456789013'),
('Marina López', 'marina@email.com', '567890134');

INSERT INTO Libreria_Petricor.ventas (id_clientes, id_libros, cantidad, fecha, precio) VALUES
(1, 1, 2, '2024-01-15', 29.99),
(2, 2, 1, '2024-01-16', 34.99),
(3, 3, 3, '2024-01-17', 39.99),
(4, 4, 1, '2024-01-18', 19.99),
(5, 5, 2, '2024-01-19', 24.99),
(6, 6, 1, '2024-01-20', 44.99),
(7, 7, 2, '2024-01-21', 29.99),
(8, 8, 1, '2024-01-22', 49.99),
(9, 9, 3, '2024-01-23', 39.99),
(10, 10, 2, '2024-01-24', 34.99),
(11, 11, 1, '2024-02-01', 39.99),
(12, 12, 3, '2024-02-02', 49.99),
(13, 13, 2, '2024-02-03', 44.99),
(14, 14, 1, '2024-02-04', 59.99),
(15, 15, 2, '2024-02-05', 39.99);

INSERT INTO Libreria_Petricor.empleados (nombre, apellido, fecha_ingreso, salario) VALUES
('Roberto', 'González', '2023-01-15', 18000),
('Elena', 'Fernández', '2023-02-01', 17000),
('Andrés', 'Morales', '2023-03-10', 16000),
('Paula', 'Jiménez', '2023-04-15', 19000),
('Luis', 'Pérez', '2023-05-20', 20000),
('Isabel', 'Díaz', '2023-06-01', 17500),
('Alberto', 'Vargas', '2023-07-15', 18500),
('Marina', 'López', '2023-08-01', 16500),
('Daniel', 'Torres', '2023-09-10', 19500),
('Carolina', 'Soto', '2023-10-15', 18000),
('Sergio Ramos', 'ramos@email.com', '2024-01-01', 17000),
('Javier Martínez', 'martinez@email.com', '2024-01-10', 16000),
('Claudia Pérez', 'claudia@email.com', '2024-02-05', 19000),
('Fernando López', 'lopez@email.com', '2024-02-15', 20000),
('Sandra Díaz', 'diaz@email.com', '2024-03-05', 17500);

INSERT INTO Libreria_Petricor.gastos_empresariales (fecha, id_proveedores, id_empleados, alquiler_local, salario) VALUES
('2024-01-15', 1, 1, 5000, 18000),
('2024-02-20', 2, 2, 4800, 17000),
('2024-03-10', 3, 3, 5200, 16000),
('2024-04-05', 4, 4, 4900, 19000),
('2024-05-18', 5, 5, 5100, 20000),
('2024-06-22', 6, 6, 4700, 17500),
('2024-07-07', 7, 7, 5300, 18500),
('2024-08-14', 8, 8, 4600, 16500),
('2024-09-30', 9, 9, 5400, 19500),
('2024-10-12', 10, 10, 5000, 18000),
('2024-11-15', 1, 2, 5050, 17000),
('2024-12-20', 2, 3, 4950, 16000),
('2025-01-05', 3, 4, 5250, 19000),
('2025-02-10', 4, 5, 5150, 20000),
('2025-03-15', 5, 6, 4750, 17500);

INSERT INTO Libreria_Petricor.descuentos_promociones (nombre, tipo, valor, fecha_inicio, fecha_fin, estado) VALUES
('Black Friday', 'Porcentaje', 20.00, '2024-11-20', '2024-11-30', 'Activo'),
('Cyber Monday', 'Monto Fijo', 50.00, '2024-11-27', '2024-12-01', 'Activo'),
('Primavera 15%', 'Porcentaje', 15.00, '2024-03-01', '2024-03-31', 'Activo'),
('Invierno 10$', 'Monto Fijo', 10.00, '2024-06-01', '2024-06-30', 'Activo'),
('Verano Gratis Envío', 'Monto Fijo', 0.00, '2024-07-01', '2024-08-31', 'Activo'),
('Feliz Cumpleaños', 'Porcentaje', 25.00, '2024-05-01', '2024-05-31', 'Activo'),
('Fin de Año 30%', 'Porcentaje', 30.00, '2024-12-20', '2025-01-05', 'Activo'),
('Vuelta a Clases', 'Monto Fijo', 15.00, '2024-08-15', '2024-09-15', 'Activo'),
('CiberSemana 50%', 'Porcentaje', 50.00, '2024-09-01', '2024-09-07', 'Activo'),
('Regreso de Vacaciones', 'Monto Fijo', 20.00, '2024-09-21', '2024-09-30', 'Activo');

INSERT INTO Libreria_Petricor.metodos_pago (nombre, descripcion, estado) VALUES
('Tarjeta de Crédito', 'Pago mediante tarjeta de crédito bancaria.', 'Activo'),
('PayPal', 'Pago a través de la plataforma PayPal.', 'Activo'),
('Transferencia Bancaria', 'Transferencia directa desde cuenta bancaria.', 'Activo'),
('Efectivo', 'Pago en efectivo en puntos de venta.', 'Activo'),
('Depósito en Banco', 'Depósito en cuenta bancaria personalizada.', 'Activo'),
('Crypto', 'Pago mediante criptomonedas.', 'Activo'),
('Ticket Electrónico', 'Pago mediante vales electrónicos.', 'Activo'),
('Cheque', 'Pago mediante cheque físico.', 'Activo'),
('Samsung Pay', 'Pago usando dispositivos Samsung.', 'Activo'),
('Google Pay', 'Pago a través de Google Pay.', 'Activo');

INSERT INTO Libreria_Petricor.devoluciones (id_venta, fecha, motivo, estado) VALUES
(1, '2024-01-15', 'Producto defectuoso', 'Pendiente'),
(2, '2024-01-16', 'Cliente cambió de opinión', 'Aprobada'),
(3, '2024-01-17', 'Producto incorrecto enviado', 'Rechazada'),
(4, '2024-01-18', 'Daño en el envío', 'Pendiente'),
(5, '2024-01-19', 'Producto incompleto', 'Aprobada'),
(6, '2024-01-20', 'Cliente no satisfecho', 'Rechazada'),
(7, '2024-01-21', 'Incorrecto método de pago', 'Aprobada'),
(8, '2024-01-22', 'Desistimiento de la compra', 'Pendiente'),
(9, '2024-01-23', 'Producto diferente al descrito', 'Aprobada'),
(10, '2024-01-24', 'Falta de garantía válida', 'Pendiente'),
(11, '2024-01-25', 'Producto devuelto a la tienda', 'Rechazada'),
(12, '2024-01-26', 'Producto defectuoso', 'Pendiente'),
(13, '2024-01-27', 'Cliente decidió cancelar', 'Aprobada'),
(14, '2024-01-28', 'Producto llegó tarde', 'Rechazada'),
(15, '2024-01-29', 'Cambio de dirección de envío', 'Pendiente');

INSERT INTO Libreria_Petricor.eventos_libreria (titulo, descripcion, fecha_evento, autor_invitado, capacidad, estado) VALUES
('Noche de Autores', 'Encuentro con autores de literatura', '2024-03-10 19:00:00', 'Gabriel García Márquez', 100, 'Programado'),
('Taller de Escritura Creativa', 'Taller práctico de escritura', '2024-04-20 15:00:00', 'Laura Esquivel', 50, 'Programado'),
('Presentación de Libro', 'Lanzamiento del nuevo libro "Historias del Sur"', '2024-05-15 18:00:00', 'Eduardo Galeano', 120, 'Programado'),
('Conferencia sobre Filosofía', 'Discusión sobre la Filosofía Moderna', '2024-06-25 17:00:00', 'Noam Chomsky', 80, 'Programado'),
('Cuentacuentos Infantil', 'Actividades de cuentos para niños', '2024-07-10 11:00:00', 'Beatrix Potter', 50, 'Programado'),
('Día de la Poesía', 'Lectura y análisis de poesía contemporánea', '2024-08-15 16:00:00', 'Neruda', 100, 'Programado'),
('Maratón de Lectura', '24 horas de lectura ininterrumpida', '2024-09-01 10:00:00', NULL, 150, 'Programado'),
('Show de Magia', 'Espectáculo de magia para toda la familia', '2024-10-05 17:00:00', 'David Copperfield', 70, 'Programado'),
('Fiesta de Halloween', 'Evento temático de Halloween con lectura de cuentos', '2024-10-31 20:00:00', NULL, 100, 'Programado'),
('Noche de Cine', 'Proyección de películas clásicas de literatura', '2024-11-15 19:00:00', NULL, 120, 'Programado'),
('Taller de Ilustración', 'Taller para ilustradores novatos y profesionales', '2024-12-05 15:00:00', 'Mauricio Pacheco', 60, 'Programado'),
('Cata de Libros', 'Degustación de libros de diferentes géneros', '2024-12-20 18:00:00', NULL, 90, 'Programado'),
('Conversatorio Literario', 'Encuentro para discutir clásicos literarios', '2024-01-15 17:00:00', 'Margaret Atwood', 80, 'Programado');

INSERT INTO Libreria_Petricor.devoluciones (id_venta, fecha, motivo, estado) VALUES
(1, '2024-01-15', 'Producto defectuoso', 'Pendiente'),
(2, '2024-01-16', 'Cliente cambió de opinión', 'Aprobada'),
(3, '2024-01-17', 'Producto incorrecto enviado', 'Rechazada'),
(4, '2024-01-18', 'Daño en el envío', 'Pendiente'),
(5, '2024-01-19', 'Producto incompleto', 'Aprobada'),
(6, '2024-01-20', 'Cliente no satisfecho', 'Rechazada'),
(7, '2024-01-21', 'Incorrecto método de pago', 'Aprobada'),
(8, '2024-01-22', 'Desistimiento de la compra', 'Pendiente'),
(9, '2024-01-23', 'Producto diferente al descrito', 'Aprobada'),
(10, '2024-01-24', 'Falta de garantía válida', 'Pendiente'),
(11, '2024-01-25', 'Producto devuelto a la tienda', 'Rechazada'),
(12, '2024-01-26', 'Producto defectuoso', 'Pendiente'),
(13, '2024-01-27', 'Cliente decidió cancelar', 'Aprobada'),
(14, '2024-01-28', 'Producto llegó tarde', 'Rechazada'),
(15, '2024-01-29', 'Cambio de dirección de envío', 'Pendiente');

INSERT INTO Libreria_Petricor.resenas_libros (id_libro, id_cliente, calificacion, comentario, fecha) VALUES
(1, 1, 5, 'Excelente libro, una obra maestra', '2024-01-15'),
(2, 2, 4, 'Muy interesante, aunque un poco denso', '2024-01-16'),
(3, 3, 3, 'Buena lectura, pero esperaba más detalles', '2024-01-17'),
(4, 4, 5, 'Un clásico inolvidable', '2024-01-18'),
(5, 5, 4, 'Impresionante narrativa y reflexión', '2024-01-19'),
(6, 6, 2, 'No cumplió mis expectativas', '2024-01-20'),
(7, 7, 5, 'Maravillosa historia, muy bien escrita', '2024-01-21'),
(8, 8, 4, 'Profunda y reflexiva', '2024-01-22'),
(9, 9, 3, 'Entretenido, pero predecible', '2024-01-23'),
(10, 10, 5, 'Genial, me mantuvo intrigado hasta el final', '2024-01-24'),
(11, 11, 4, 'Excelente balance entre historia y personajes', '2024-01-25'),
(12, 12, 3, 'Aceptable, pero no memorable', '2024-01-26'),
(13, 13, 5, 'Impresionante obra de ciencia ficción', '2024-01-27'),
(14, 14, 4, 'Visualmente atractivo y con buena trama', '2024-01-28'),
(15, 15, 5, 'Increíble, muy conmovedor', '2024-01-29');

INSERT INTO Libreria_Petricor.pedidos_online (id_cliente, id_venta, direccion_envio, estado, fecha_pedido, fecha_entrega, costo_envio) VALUES
(1, 1, 'Av. Principal 123, Ciudad X', 'Enviado', '2024-01-15', '2024-01-17', 15.00),
(2, 2, 'Calle Falsa 456, Ciudad Y', 'Pendiente', '2024-01-16', NULL, 10.00),
(3, 3, 'Zona Centro 789, Ciudad Z', 'En Proceso', '2024-01-17', NULL, 20.00),
(4, 4, 'Bulevar 1011, Ciudad W', 'Entregado', '2024-01-18', '2024-01-20', 12.50),
(5, 5, 'Manzana 2222, Ciudad V', 'Cancelado', '2024-01-19', NULL, 0.00),
(6, 6, 'Calle Principal 3333, Ciudad U', 'Pendiente', '2024-01-20', NULL, 18.00),
(7, 7, 'Zona Industrial 4444, Ciudad T', 'Enviado', '2024-01-21', '2024-01-23', 25.00),
(8, 8, 'Sector 5555, Ciudad S', 'En Proceso', '2024-01-22', NULL, 10.00),
(9, 9, 'Av. Colón 6666, Ciudad R', 'Entregado', '2024-01-23', '2024-01-25', 5.00),
(10, 10, 'Bulevar 7777, Ciudad Q', 'Pendiente', '2024-01-24', NULL, 8.00),
(11, 11, 'Calle Mayor 8888, Ciudad P', 'Cancelado', '2024-01-25', NULL, 0.00),
(12, 12, 'Zona Exclusiva 9999, Ciudad O', 'Enviado', '2024-01-26', '2024-01-28', 30.00),
(13, 13, 'Urbanización 101010, Ciudad N', 'En Proceso', '2024-01-27', NULL, 22.00),
(14, 14, 'Centro Histórico 111111, Ciudad M', 'Entregado', '2024-01-28', '2024-01-30', 17.00),
(15, 15, 'Av. Insurgentes 121212, Ciudad L', 'Enviado', '2024-01-29', '2024-01-31', 12.00);

